{"accuracy": [0.6006401777267456, 0.8574578762054443], "loss": [1.3541284799575806, 0.4492656886577606], "val_accuracy": [0.8281925916671753, 0.8922718167304993], "val_loss": [0.540764570236206, 0.3333478271961212]}